categoria;tipo
Emergencia/Espacio Públicos;Accidente de tránsito (choque/colisión/atropello)
Emergencia/Espacio Públicos;Acera en mal estado
Emergencia/Espacio Públicos;Alcantarilla colapsada
Emergencia/Espacio Públicos;Anegamiento de calle y paso bajo nivel
Emergencia/Espacio Públicos;Anegamiento domicilios
Emergencia/Espacio Públicos;Suicidio/Intento
Emergencia/Espacio Públicos;Cables a baja altura / Cables cortados
Emergencia/Espacio Públicos;Caida de arbol
Emergencia/Espacio Públicos;Circuito y luminarias dañadas
Emergencia/Espacio Públicos;Corte energía eléctrica
Emergencia/Espacio Públicos;Corte suministro de agua potable
Emergencia/Espacio Públicos;Desganche arbolado
Emergencia/Espacio Públicos;Emanación de gas/ Derrame o Materiales peligrosos
Emergencia/Espacio Públicos;Emergencia de salud
Emergencia/Espacio Públicos;Filtración agua potable
Emergencia/Espacio Públicos;Incendio o amago
Emergencia/Espacio Públicos;Mascota atrapada/perdida
Emergencia/Espacio Públicos;Pavimento en mal estado
Emergencia/Espacio Públicos;Posible Fallecido/Emergencia de Salud
Emergencia/Espacio Públicos;Postes dañados
Emergencia/Espacio Públicos;Semáforo defectuoso
Emergencia/Espacio Públicos;Señalética o elemento caida
Emergencia/Espacio Públicos;Tapa de servicios
Emergencia/Espacio Públicos;Otra contingencia BNUP
Emergencia/Espacio Públicos;Otros
Fiscalización;Comercio ambulante Ilegal
Fiscalización;Fiscalización alcoholes
Fiscalización;Fiscalización aparcadores ilegales
Fiscalización;Fiscalización de tránsito
Fiscalización;Vehiculo MAL Estacionado
Fiscalización;Vehículo sospechoso
Fiscalización;Fiscalización ingesta de alcohol en vía pública
Fiscalización;Fiscalizacion Retiro de circulación de vehiculo motorizado
Fiscalización;Fiscalizacion Ruidos Molestos
Fiscalización;Fiscalizaciones (BNUP, comercio, etc)
Fiscalización;Trabajos fuera de horario
Fiscalización;Vehículo abandonado
Fiscalización;Otros
Incivilidades;Botar chicle, colillas o desechos en la vía pública
Incivilidades;Carpa o Ruco en BNUP
Incivilidades;Consumo de alcohol en vía pública
Incivilidades;Consumo de drogas
Incivilidades;Ebriedad
Incivilidades;Microbasural
Incivilidades;Persona situación de calle
Incivilidades;Otros
Planes Operativos;7X3 delitos violentos
Planes Operativos;Control de Transito
Planes Operativos;Operativo Conjunto a otras Municipalidades
Planes Operativos;Operativo Conjunto Carabineros
Planes Operativos;Operativo conjunto Delegación Presidencial
Planes Operativos;Operativo conjunto Dirección de Inspección
Planes Operativos;Operativo MTT
Planes Operativos;Operativo otras direcciones Municilapales
Planes Operativos;Operativo Seremi Salud
Planes Operativos;Operativos Conjunto PDI
Planes Operativos;P.V.P
Planes Operativos;Patrulla Mixta
Planes Operativos;Patrullaje focalizado Carabineros
Planes Operativos;Patrullaje focalizado Preventivo
Planes Operativos;Patrullaje preventivo general
Planes Operativos;Punto fijo
Planes Operativos;Ruta calle
Planes Operativos;Servicio especial Colegios
Planes Operativos;Servicio Estadio
Planes Operativos;Servicio FEI
Planes Operativos;Servicio turístico Plaza Ñuñoa-Barrio Italia
Planes Operativos;Vigilancia especial
Planes Operativos;Otros
Seguridad;Actividad sospechosa
Seguridad;Agresión
Seguridad;Alarma activada
Seguridad;Amenazas
Seguridad;Artefacto explosivo o paquete sospechoso
Seguridad;Daños propiedad privada
Seguridad;Daños propiedad pública
Seguridad;Delito sexual
Seguridad;Detención ciudadana
Seguridad;Detenidos
Seguridad;Disparos
Seguridad;Disturbios
Seguridad;Fuegos artificiales
Seguridad;Homicidio
Seguridad;Homicidio Frustrado
Seguridad;Hurto
Seguridad;Maltrato animal
Seguridad;Marchas/manifestaciones
Seguridad;Persona extraviada / desorientada
Seguridad;Posible sospechoso al interior
Seguridad;Riña
Seguridad;Robo con intimidación
Seguridad;Robo con violencia
Seguridad;Robo de especies de o desde vehículo
Seguridad;Robo de vehículo en BNUP
Seguridad;Robo en BNUP
Seguridad;Robo en lugar habitado
Seguridad;Robo en lugar no habitado
Seguridad;Robo frustrado
Seguridad;Robo por sorpresa
Seguridad;Toma establecimiento educacional
Seguridad;Trafico Drogas
Seguridad;Vehículo con encargo
Seguridad;Vehiculo sospechoso
Seguridad;Incumplimiento medida cautelar
Seguridad;VIF
Seguridad;Vulneración derechos adultos mayores
Seguridad;Vulneración NNA
Seguridad;Otros
Seguridad;Motochorros 
Otros;Novedades Central
Otros;Labores administrativas
Otros;Traslado de documentos o funcionarios/limpieza de móvil
Otros;Otros
Seguridad;Apoyo a Carabineros
Emergencia/Espacio Públicos;Apoyo a Bomberos
Emergencia/Espacio Públicos;Apoyo a SAMU
Seguridad;Servicio DRONE
Fiscalización;Realizacion de Graffitis / Pintar sin autorización